"entity_type_id","attribute_set_id","created_at","updated_at","parent_id","increment_id","entity_id","all_children","available_sort_by","children","children_count","custom_apply_to_products","custom_design","custom_design_from","custom_design_to","custom_layout_update","custom_use_parent_settings","default_sort_by","description","display_mode","filter_price_range","image","include_in_menu","is_active","is_anchor","is_virtual_category","landing_page","level","meta_description","meta_keywords","meta_title","name","page_layout","path","path_in_store","position","url_key","url_path","use_name_in_product_search","virtual_category_root","virtual_rule","gen_store_id","gen_store_code","gen_categories","gen_products"
,"3","2018-11-30 02:29:16","2018-12-07 00:44:54","0",,"1",,,,"96",,,,,,,,,,,,"1",,,,,"0",,,,"Root Catalog",,"1",,"0",,,"1",,"{"type":"Smile\\ElasticsuiteVirtualCategory\\Model\\Rule\\Condition\\Combine","attribute":null,"operator":null,"value":true,"is_value_processed":null,"aggregator":"all"}","0","admin","Root Catalog",""
,"3","2018-11-30 02:29:16","2018-12-07 00:44:54","1",,"2",,,"3","93",,,,,,,,,"PRODUCTS",,,"1","1","1",,,"1",,,,"Default Category",,"1/2",,"1","default-category",,"1",,"{"type":"Smile\\ElasticsuiteVirtualCategory\\Model\\Rule\\Condition\\Combine","attribute":null,"operator":null,"value":true,"is_value_processed":null,"aggregator":"all"}","0","admin","Root Catalog/Default Category","3|4|6"
,"3","2018-12-06 23:48:25","2018-12-07 00:44:54","2",,"81",,,,"100","0",,,,,"0",,,"PRODUCTS",,,"1","1","1",,,"2",,,,"Каталог",,"1/2/81",,"2","katalog","katalog","1",,"{"type":"Smile\\ElasticsuiteVirtualCategory\\Model\\Rule\\Condition\\Combine","attribute":null,"operator":null,"value":true,"is_value_processed":null,"aggregator":"all"}","0","admin","Root Catalog/Default Category/Каталог","3|4"
,"3","2018-12-06 22:14:51","2018-12-06 23:52:20","81",,"22",,,,"0","0",,,,,"0",,"<p>Ковши экскаватора</p>","PRODUCTS",,,"1","1","1",,,"3",,,,"Ковши экскаватора",,"1/2/81/22",,"2","kovshi-ekskavatora","katalog/kovshi-ekskavatora","1",,"{"type":"Smile\\ElasticsuiteVirtualCategory\\Model\\Rule\\Condition\\Combine","attribute":null,"operator":null,"value":true,"is_value_processed":null,"aggregator":"all"}","0","admin","Root Catalog/Default Category/Ковши экскаватора/Каталог",""
,"3","2018-12-06 22:15:51","2018-12-06 23:52:27","81",,"23",,,,"0","0",,,,,"0",,"<p>Гидроцилиндры в сборе, штока</p>","PRODUCTS",,,"1","1","1",,,"3",,,,"Гидроцилиндры в сборе, штока",,"1/2/81/23",,"3","gidrocilindry-shtoka","katalog/gidrocilindry-shtoka","1",,"{"type":"Smile\\ElasticsuiteVirtualCategory\\Model\\Rule\\Condition\\Combine","attribute":null,"operator":null,"value":true,"is_value_processed":null,"aggregator":"all"}","0","admin","Root Catalog/Default Category/Гидроцилиндры в сборе, штока/Каталог",""
,"3","2018-12-06 22:17:34","2018-12-06 23:52:01","81",,"24",,,,"6","0",,,,,"0",,"<p>Ремонтный комплект</p>","PRODUCTS",,,"1","1","1",,,"3",,,,"Ремонтный комплекты",,"1/2/81/24",,"1","remontnyj-komplekt","katalog/remontnyj-komplekt","1",,"{"type":"Smile\\ElasticsuiteVirtualCategory\\Model\\Rule\\Condition\\Combine","attribute":null,"operator":null,"value":true,"is_value_processed":null,"aggregator":"all"}","0","admin","Root Catalog/Default Category/Ремонтный комплекты/Каталог",""
,"3","2018-12-06 22:18:04","2018-12-06 23:51:10","24",,"25",,,,"0","0",,,,,"0",,,"PRODUCTS",,,"1","1","1",,,"4",,,,"Ремкомплект коллектора",,"1/2/81/24/25",,"1","remkomplekt-kollektora","katalog/remontnyj-komplekt/remkomplekt-kollektora","1",,"{"type":"Smile\\ElasticsuiteVirtualCategory\\Model\\Rule\\Condition\\Combine","attribute":null,"operator":null,"value":true,"is_value_processed":null,"aggregator":"all"}","0","admin","Root Catalog/Default Category/Ремонтный комплекты/Ремкомплект коллектора/Каталог",""
,"3","2018-12-06 22:19:31","2018-12-06 23:51:10","24",,"26",,,,"0","0",,,,,"0",,,"PRODUCTS",,,"1","1","1",,,"4",,,,"Ремкомплект натяжителя гусеницы",,"1/2/81/24/26",,"2","remkomplekt-natjazhitelja-gusenicy","katalog/remontnyj-komplekt/remkomplekt-natjazhitelja-gusenicy","1",,"{"type":"Smile\\ElasticsuiteVirtualCategory\\Model\\Rule\\Condition\\Combine","attribute":null,"operator":null,"value":true,"is_value_processed":null,"aggregator":"all"}","0","admin","Root Catalog/Default Category/Ремонтный комплекты/Ремкомплект натяжителя гусеницы/Каталог",""
,"3","2018-12-06 22:20:10","2018-12-06 23:51:10","24",,"27",,,,"0","0",,,,,"0",,"<p>Ремкомплекты гидроцилиндров производителей: Hitachi(Хитачи), Kobelco(Кобелко), Komatsu(Коматсу), CAT(Катерпиллер), Volvo(Вольво), Hyundai(Хундай), Daewoo-Doosani(Дэу-Дусан), Samsung(Самсунг).</p>","PRODUCTS",,,"1","1","1",,,"4",,,,"Ремкомплект гидроцилиндра",,"1/2/81/24/27",,"3","remkomplekt-gidrocilindrov","katalog/remontnyj-komplekt/remkomplekt-gidrocilindrov","1",,"{"type":"Smile\\ElasticsuiteVirtualCategory\\Model\\Rule\\Condition\\Combine","attribute":null,"operator":null,"value":true,"is_value_processed":null,"aggregator":"all"}","0","admin","Root Catalog/Default Category/Ремонтный комплекты/Ремкомплект гидроцилиндра/Каталог",""
,"3","2018-12-06 22:20:58","2018-12-06 23:51:10","24",,"28",,,,"0","0",,,,,"0",,,"PRODUCTS",,,"1","1","1",,,"4",,,,"Ремкомплект гидромолота",,"1/2/81/24/28",,"4","remkomplekt-gidromolota","katalog/remontnyj-komplekt/remkomplekt-gidromolota","1",,"{"type":"Smile\\ElasticsuiteVirtualCategory\\Model\\Rule\\Condition\\Combine","attribute":null,"operator":null,"value":true,"is_value_processed":null,"aggregator":"all"}","0","admin","Root Catalog/Default Category/Ремонтный комплекты/Ремкомплект гидромолота/Каталог",""
,"3","2018-12-06 22:26:17","2018-12-06 23:51:10","24",,"29",,,,"0","0",,,,,"0",,,"PRODUCTS",,,"1","1","1",,,"4",,,,"Прочие ремкомплекты",,"1/2/81/24/29",,"5","prochie-remkomplekty","katalog/remontnyj-komplekt/prochie-remkomplekty","1",,"{"type":"Smile\\ElasticsuiteVirtualCategory\\Model\\Rule\\Condition\\Combine","attribute":null,"operator":null,"value":true,"is_value_processed":null,"aggregator":"all"}","0","admin","Root Catalog/Default Category/Ремонтный комплекты/Прочие ремкомплекты/Каталог",""
,"3","2018-12-06 23:17:55","2018-12-06 23:51:10","24",,"55",,,,"0","0",,,,,"0",,,"PRODUCTS",,,"1","1","1",,,"4",,,,"Наборы О-манжет",,"1/2/81/24/55",,"6","nabory-o-manzhet","katalog/remontnyj-komplekt/nabory-o-manzhet","1",,"{"type":"Smile\\ElasticsuiteVirtualCategory\\Model\\Rule\\Condition\\Combine","attribute":null,"operator":null,"value":true,"is_value_processed":null,"aggregator":"all"}","0","admin","Root Catalog/Default Category/Ремонтный комплекты/Наборы О-манжет/Каталог",""
,"3","2018-12-06 22:27:43","2018-12-06 23:52:34","81",,"30",,,,"0","0",,,,,"0",,,"PRODUCTS",,,"1","1","1",,,"3",,,,"Фрикционные диски",,"1/2/81/30",,"4","frikcionnye-diski","katalog/frikcionnye-diski","1",,"{"type":"Smile\\ElasticsuiteVirtualCategory\\Model\\Rule\\Condition\\Combine","attribute":null,"operator":null,"value":true,"is_value_processed":null,"aggregator":"all"}","0","admin","Root Catalog/Default Category/Фрикционные диски/Каталог",""
,"3","2018-12-06 22:29:42","2018-12-06 23:52:41","81",,"31",,,,"23","0",,,,,"0",,,"PRODUCTS",,,"1","1","1",,,"3",,,,"Манжеты, уплотнения, сальники",,"1/2/81/31",,"5","manzhety-uplotnenija-sal-niki","katalog/manzhety-uplotnenija-sal-niki","1",,"{"type":"Smile\\ElasticsuiteVirtualCategory\\Model\\Rule\\Condition\\Combine","attribute":null,"operator":null,"value":true,"is_value_processed":null,"aggregator":"all"}","0","admin","Root Catalog/Default Category/Манжеты, уплотнения, сальники/Каталог",""
,"3","2018-12-06 22:37:25","2018-12-06 23:51:29","31",,"32",,,,"0","0",,,,,"0",,,"PRODUCTS",,,"1","1","1",,,"4",,,,"Прочие манжеты уплотнения для гидравлики",,"1/2/81/31/32",,"1","prochie-manzhety-uplotnenija-dlja-gidravliki","katalog/manzhety-uplotnenija-sal-niki/prochie-manzhety-uplotnenija-dlja-gidravliki","1",,"{"type":"Smile\\ElasticsuiteVirtualCategory\\Model\\Rule\\Condition\\Combine","attribute":null,"operator":null,"value":true,"is_value_processed":null,"aggregator":"all"}","0","admin","Root Catalog/Default Category/Манжеты, уплотнения, сальники/Прочие манжеты уплотнения для гидравлики/Каталог",""
,"3","2018-12-06 22:38:21","2018-12-06 23:51:29","31",,"33",,,,"0","0",,,,,"0",,,"PRODUCTS",,,"1","1","1",,,"4",,,,"Манжеты центрального коллектора",,"1/2/81/31/33",,"2","manzhety-central-nogo-kollektora","katalog/manzhety-uplotnenija-sal-niki/manzhety-central-nogo-kollektora","1",,"{"type":"Smile\\ElasticsuiteVirtualCategory\\Model\\Rule\\Condition\\Combine","attribute":null,"operator":null,"value":true,"is_value_processed":null,"aggregator":"all"}","0","admin","Root Catalog/Default Category/Манжеты, уплотнения, сальники/Манжеты центрального коллектора/Каталог",""
,"3","2018-12-06 22:39:07","2018-12-06 23:51:29","31",,"34",,,,"0","0",,,,,"0",,,"PRODUCTS",,,"1","1","1",,,"4",,,,"Пыльники металлические",,"1/2/81/31/34",,"3","pyl-niki-metallicheskie","katalog/manzhety-uplotnenija-sal-niki/pyl-niki-metallicheskie","1",,"{"type":"Smile\\ElasticsuiteVirtualCategory\\Model\\Rule\\Condition\\Combine","attribute":null,"operator":null,"value":true,"is_value_processed":null,"aggregator":"all"}","0","admin","Root Catalog/Default Category/Манжеты, уплотнения, сальники/Пыльники металлические/Каталог",""
,"3","2018-12-06 22:39:29","2018-12-06 23:51:29","31",,"35",,,,"0","0",,,,,"0",,,"PRODUCTS",,,"1","1","1",,,"4",,,,"Пыльники резиновые",,"1/2/81/31/35",,"4","pyl-niki-rezinovye","katalog/manzhety-uplotnenija-sal-niki/pyl-niki-rezinovye","1",,"{"type":"Smile\\ElasticsuiteVirtualCategory\\Model\\Rule\\Condition\\Combine","attribute":null,"operator":null,"value":true,"is_value_processed":null,"aggregator":"all"}","0","admin","Root Catalog/Default Category/Манжеты, уплотнения, сальники/Пыльники резиновые/Каталог",""
,"3","2018-12-06 22:39:50","2018-12-06 23:51:29","31",,"36",,,,"0","0",,,,,"0",,,"PRODUCTS",,,"1","1","1",,,"4",,,,"Манжеты штоковые",,"1/2/81/31/36",,"5","manzhety-shtokovye","katalog/manzhety-uplotnenija-sal-niki/manzhety-shtokovye","1",,"{"type":"Smile\\ElasticsuiteVirtualCategory\\Model\\Rule\\Condition\\Combine","attribute":null,"operator":null,"value":true,"is_value_processed":null,"aggregator":"all"}","0","admin","Root Catalog/Default Category/Манжеты, уплотнения, сальники/Манжеты штоковые/Каталог",""
,"3","2018-12-06 22:40:09","2018-12-06 23:51:29","31",,"37",,,,"0","0",,,,,"0",,,"PRODUCTS",,,"1","1","1",,,"4",,,,"Манжеты поршневые",,"1/2/81/31/37",,"6","manzhety-porshnevye","katalog/manzhety-uplotnenija-sal-niki/manzhety-porshnevye","1",,"{"type":"Smile\\ElasticsuiteVirtualCategory\\Model\\Rule\\Condition\\Combine","attribute":null,"operator":null,"value":true,"is_value_processed":null,"aggregator":"all"}","0","admin","Root Catalog/Default Category/Манжеты, уплотнения, сальники/Манжеты поршневые/Каталог",""
,"3","2018-12-06 22:40:51","2018-12-06 23:51:29","31",,"38",,,,"0","0",,,,,"0",,,"PRODUCTS",,,"1","1","1",,,"4",,,,"Манжеты универсальные",,"1/2/81/31/38",,"7","manzhety-universal-nye","katalog/manzhety-uplotnenija-sal-niki/manzhety-universal-nye","1",,"{"type":"Smile\\ElasticsuiteVirtualCategory\\Model\\Rule\\Condition\\Combine","attribute":null,"operator":null,"value":true,"is_value_processed":null,"aggregator":"all"}","0","admin","Root Catalog/Default Category/Манжеты, уплотнения, сальники/Манжеты универсальные/Каталог",""
,"3","2018-12-06 22:41:45","2018-12-06 23:51:29","31",,"39",,,,"0","0",,,,,"0",,,"PRODUCTS",,,"1","1","1",,,"4",,,,"Грязесъёмники навесного оборудования",,"1/2/81/31/39",,"8","grjazes-jomniki-navesnogo-oborudovanija","katalog/manzhety-uplotnenija-sal-niki/grjazes-jomniki-navesnogo-oborudovanija","1",,"{"type":"Smile\\ElasticsuiteVirtualCategory\\Model\\Rule\\Condition\\Combine","attribute":null,"operator":null,"value":true,"is_value_processed":null,"aggregator":"all"}","0","admin","Root Catalog/Default Category/Манжеты, уплотнения, сальники/Грязесъёмники навесного оборудования/Каталог",""
,"3","2018-12-06 22:42:29","2018-12-06 23:51:29","31",,"40",,,,"0","0",,,,,"0",,,"PRODUCTS",,,"1","1","1",,,"4",,,,"Подшипники скольжения, втулки штоковые",,"1/2/81/31/40",,"9","podshipniki-skol-zhenija-vtulki-shtokovye","katalog/manzhety-uplotnenija-sal-niki/podshipniki-skol-zhenija-vtulki-shtokovye","1",,"{"type":"Smile\\ElasticsuiteVirtualCategory\\Model\\Rule\\Condition\\Combine","attribute":null,"operator":null,"value":true,"is_value_processed":null,"aggregator":"all"}","0","admin","Root Catalog/Default Category/Манжеты, уплотнения, сальники/Подшипники скольжения, втулки штоковые/Каталог",""
,"3","2018-12-06 22:43:31","2018-12-06 23:51:29","31",,"41",,,,"0","0",,,,,"0",,,"PRODUCTS",,,"1","1","1",,,"4",,,,"Уплотнение поршневое защитное",,"1/2/81/31/41",,"10","uplotnenie-porshnevoe-zaschitnoe","katalog/manzhety-uplotnenija-sal-niki/uplotnenie-porshnevoe-zaschitnoe","1",,"{"type":"Smile\\ElasticsuiteVirtualCategory\\Model\\Rule\\Condition\\Combine","attribute":null,"operator":null,"value":true,"is_value_processed":null,"aggregator":"all"}","0","admin","Root Catalog/Default Category/Манжеты, уплотнения, сальники/Уплотнение поршневое защитное/Каталог",""
,"3","2018-12-06 22:43:47","2018-12-06 23:51:29","31",,"42",,,,"0","0",,,,,"0",,,"PRODUCTS",,,"1","1","1",,,"4",,,,"Уплотнение буферное",,"1/2/81/31/42",,"11","uplotnenie-bufernoe","katalog/manzhety-uplotnenija-sal-niki/uplotnenie-bufernoe","1",,"{"type":"Smile\\ElasticsuiteVirtualCategory\\Model\\Rule\\Condition\\Combine","attribute":null,"operator":null,"value":true,"is_value_processed":null,"aggregator":"all"}","0","admin","Root Catalog/Default Category/Манжеты, уплотнения, сальники/Уплотнение буферное/Каталог",""
,"3","2018-12-06 23:08:48","2018-12-06 23:51:29","31",,"43",,,,"0","0",,,,,"0",,,"PRODUCTS",,,"1","1","1",,,"4",,,,"Кольца опорно-направляющие",,"1/2/81/31/43",,"12","kol-ca-oporno-napravljajuschie","katalog/manzhety-uplotnenija-sal-niki/kol-ca-oporno-napravljajuschie","1",,"{"type":"Smile\\ElasticsuiteVirtualCategory\\Model\\Rule\\Condition\\Combine","attribute":null,"operator":null,"value":true,"is_value_processed":null,"aggregator":"all"}","0","admin","Root Catalog/Default Category/Манжеты, уплотнения, сальники/Кольца опорно-направляющие/Каталог",""
,"3","2018-12-06 23:09:43","2018-12-06 23:51:29","31",,"44",,,,"0","0",,,,,"0",,,"PRODUCTS",,,"1","1","1",,,"4",,,,"Кольца подпорные",,"1/2/81/31/44",,"13","kol-ca-podpornye","katalog/manzhety-uplotnenija-sal-niki/kol-ca-podpornye","1",,"{"type":"Smile\\ElasticsuiteVirtualCategory\\Model\\Rule\\Condition\\Combine","attribute":null,"operator":null,"value":true,"is_value_processed":null,"aggregator":"all"}","0","admin","Root Catalog/Default Category/Манжеты, уплотнения, сальники/Кольца подпорные/Каталог",""
,"3","2018-12-06 23:10:00","2018-12-06 23:51:29","31",,"45",,,,"0","0",,,,,"0",,,"PRODUCTS",,,"1","1","1",,,"4",,,,"Кольца поршневые",,"1/2/81/31/45",,"14","kol-ca-porshnevye","katalog/manzhety-uplotnenija-sal-niki/kol-ca-porshnevye","1",,"{"type":"Smile\\ElasticsuiteVirtualCategory\\Model\\Rule\\Condition\\Combine","attribute":null,"operator":null,"value":true,"is_value_processed":null,"aggregator":"all"}","0","admin","Root Catalog/Default Category/Манжеты, уплотнения, сальники/Кольца поршневые/Каталог",""
,"3","2018-12-06 23:11:20","2018-12-06 23:51:29","31",,"46",,,,"0","0",,,,,"0",,,"PRODUCTS",,,"1","1","1",,,"4",,,,"О-кольца резиновые",,"1/2/81/31/46",,"15","o-kol-ca-rezinovye","katalog/manzhety-uplotnenija-sal-niki/o-kol-ca-rezinovye","1",,"{"type":"Smile\\ElasticsuiteVirtualCategory\\Model\\Rule\\Condition\\Combine","attribute":null,"operator":null,"value":true,"is_value_processed":null,"aggregator":"all"}","0","admin","Root Catalog/Default Category/Манжеты, уплотнения, сальники/О-кольца резиновые/Каталог",""
,"3","2018-12-06 23:11:54","2018-12-06 23:51:29","31",,"47",,,,"0","0",,,,,"0",,,"PRODUCTS",,,"1","1","1",,,"4",,,,"Кольца трансмиссионные",,"1/2/81/31/47",,"16","kol-ca-transmissionnye","katalog/manzhety-uplotnenija-sal-niki/kol-ca-transmissionnye","1",,"{"type":"Smile\\ElasticsuiteVirtualCategory\\Model\\Rule\\Condition\\Combine","attribute":null,"operator":null,"value":true,"is_value_processed":null,"aggregator":"all"}","0","admin","Root Catalog/Default Category/Манжеты, уплотнения, сальники/Кольца трансмиссионные/Каталог",""
,"3","2018-12-06 23:13:01","2018-12-06 23:51:29","31",,"48",,,,"0","0",,,,,"0",,,"PRODUCTS",,,"1","1","1",,,"4",,,,"Уплотнения плавающие",,"1/2/81/31/48",,"17","uplotnenija-plavajuschie","katalog/manzhety-uplotnenija-sal-niki/uplotnenija-plavajuschie","1",,"{"type":"Smile\\ElasticsuiteVirtualCategory\\Model\\Rule\\Condition\\Combine","attribute":null,"operator":null,"value":true,"is_value_processed":null,"aggregator":"all"}","0","admin","Root Catalog/Default Category/Манжеты, уплотнения, сальники/Уплотнения плавающие/Каталог",""
,"3","2018-12-06 23:14:49","2018-12-06 23:51:29","31",,"49",,,,"5","0",,,,,"0",,,"PRODUCTS",,,"1","1","1",,,"4",,,,"Сальники",,"1/2/81/31/49",,"18","sal-niki","katalog/manzhety-uplotnenija-sal-niki/sal-niki","1",,"{"type":"Smile\\ElasticsuiteVirtualCategory\\Model\\Rule\\Condition\\Combine","attribute":null,"operator":null,"value":true,"is_value_processed":null,"aggregator":"all"}","0","admin","Root Catalog/Default Category/Манжеты, уплотнения, сальники/Сальники/Каталог",""
,"3","2018-12-06 23:15:20","2018-12-06 23:51:29","49",,"50",,,,"0","0",,,,,"0",,,"PRODUCTS",,,"1","1","1",,,"5",,,,"Сальники гидронасосов",,"1/2/81/31/49/50",,"1","sal-niki-gidronasosov","katalog/manzhety-uplotnenija-sal-niki/sal-niki/sal-niki-gidronasosov","1",,"{"type":"Smile\\ElasticsuiteVirtualCategory\\Model\\Rule\\Condition\\Combine","attribute":null,"operator":null,"value":true,"is_value_processed":null,"aggregator":"all"}","0","admin","Root Catalog/Default Category/Манжеты, уплотнения, сальники/Сальники/Сальники гидронасосов/Каталог",""
,"3","2018-12-06 23:15:45","2018-12-06 23:51:29","49",,"51",,,,"0","0",,,,,"0",,,"PRODUCTS",,,"1","1","1",,,"5",,,,"Сальники моторов",,"1/2/81/31/49/51",,"2","sal-niki-motorov","katalog/manzhety-uplotnenija-sal-niki/sal-niki/sal-niki-motorov","1",,"{"type":"Smile\\ElasticsuiteVirtualCategory\\Model\\Rule\\Condition\\Combine","attribute":null,"operator":null,"value":true,"is_value_processed":null,"aggregator":"all"}","0","admin","Root Catalog/Default Category/Манжеты, уплотнения, сальники/Сальники/Сальники моторов/Каталог",""
,"3","2018-12-06 23:16:02","2018-12-06 23:51:29","49",,"52",,,,"0","0",,,,,"0",,,"PRODUCTS",,,"1","1","1",,,"5",,,,"Сальники поворотных редукторов",,"1/2/81/31/49/52",,"3","sal-niki-povorotnyh-reduktorov","katalog/manzhety-uplotnenija-sal-niki/sal-niki/sal-niki-povorotnyh-reduktorov","1",,"{"type":"Smile\\ElasticsuiteVirtualCategory\\Model\\Rule\\Condition\\Combine","attribute":null,"operator":null,"value":true,"is_value_processed":null,"aggregator":"all"}","0","admin","Root Catalog/Default Category/Манжеты, уплотнения, сальники/Сальники/Сальники поворотных редукторов/Каталог",""
,"3","2018-12-06 23:16:43","2018-12-06 23:51:29","49",,"53",,,,"0","0",,,,,"0",,,"PRODUCTS",,,"1","1","1",,,"5",,,,"Сальники, уплотнения ходовой части",,"1/2/81/31/49/53",,"4","sal-niki-uplotnenija-hodovoj-chasti","katalog/manzhety-uplotnenija-sal-niki/sal-niki/sal-niki-uplotnenija-hodovoj-chasti","1",,"{"type":"Smile\\ElasticsuiteVirtualCategory\\Model\\Rule\\Condition\\Combine","attribute":null,"operator":null,"value":true,"is_value_processed":null,"aggregator":"all"}","0","admin","Root Catalog/Default Category/Манжеты, уплотнения, сальники/Сальники/Сальники, уплотнения ходовой части/Каталог",""
,"3","2018-12-06 23:17:07","2018-12-06 23:51:29","49",,"54",,,,"0","0",,,,,"0",,,"PRODUCTS",,,"1","1","1",,,"5",,,,"Сальники КПП",,"1/2/81/31/49/54",,"5","sal-niki-kpp","katalog/manzhety-uplotnenija-sal-niki/sal-niki/sal-niki-kpp","1",,"{"type":"Smile\\ElasticsuiteVirtualCategory\\Model\\Rule\\Condition\\Combine","attribute":null,"operator":null,"value":true,"is_value_processed":null,"aggregator":"all"}","0","admin","Root Catalog/Default Category/Манжеты, уплотнения, сальники/Сальники/Сальники КПП/Каталог",""
,"3","2018-12-06 23:20:03","2018-12-06 23:53:03","81",,"56",,,,"5","0",,,,,"0",,,"PRODUCTS",,,"1","1","1",,,"3",,,,"Пальцы, втулки, шайбы",,"1/2/81/56",,"6","pal-cy-vtulki-shajby","katalog/pal-cy-vtulki-shajby","1",,"{"type":"Smile\\ElasticsuiteVirtualCategory\\Model\\Rule\\Condition\\Combine","attribute":null,"operator":null,"value":true,"is_value_processed":null,"aggregator":"all"}","0","admin","Root Catalog/Default Category/Пальцы, втулки, шайбы/Каталог",""
,"3","2018-12-06 23:20:24","2018-12-06 23:51:35","56",,"57",,,,"0","0",,,,,"0",,,"PRODUCTS",,,"1","1","1",,,"4",,,,"Сенные втулки",,"1/2/81/56/57",,"1","sennye-vtulki-kovshej","katalog/pal-cy-vtulki-shajby/sennye-vtulki-kovshej","1",,"{"type":"Smile\\ElasticsuiteVirtualCategory\\Model\\Rule\\Condition\\Combine","attribute":null,"operator":null,"value":true,"is_value_processed":null,"aggregator":"all"}","0","admin","Root Catalog/Default Category/Пальцы, втулки, шайбы/Сенные втулки/Каталог",""
,"3","2018-12-06 23:21:54","2018-12-06 23:51:35","56",,"60",,,,"0","0",,,,,"0",,,"PRODUCTS",,,"1","1","1",,,"4",,,,"Фиксирующие пальцы",,"1/2/81/56/60",,"4","fiksirujuschie-pal-cy-kovsha","katalog/pal-cy-vtulki-shajby/fiksirujuschie-pal-cy-kovsha","1",,"{"type":"Smile\\ElasticsuiteVirtualCategory\\Model\\Rule\\Condition\\Combine","attribute":null,"operator":null,"value":true,"is_value_processed":null,"aggregator":"all"}","0","admin","Root Catalog/Default Category/Пальцы, втулки, шайбы/Фиксирующие пальцы/Каталог",""
,"3","2018-12-06 23:24:35","2018-12-06 23:51:35","56",,"61",,,,"0","0",,,,,"0",,,"PRODUCTS",,,"1","1","1",,,"4",,,,"Шайбы регулировочные",,"1/2/81/56/61",,"5","shajby-regulirovochnye","katalog/pal-cy-vtulki-shajby/shajby-regulirovochnye","1",,"{"type":"Smile\\ElasticsuiteVirtualCategory\\Model\\Rule\\Condition\\Combine","attribute":null,"operator":null,"value":true,"is_value_processed":null,"aggregator":"all"}","0","admin","Root Catalog/Default Category/Пальцы, втулки, шайбы/Шайбы регулировочные/Каталог",""
,"3","2018-12-06 23:25:28","2018-12-06 23:51:35","56",,"62",,,,"0","0",,,,,"0",,,"PRODUCTS",,,"1","1","1",,,"4",,,,"Тавотницы",,"1/2/81/56/62",,"6","tavotnicy","katalog/pal-cy-vtulki-shajby/tavotnicy","1",,"{"type":"Smile\\ElasticsuiteVirtualCategory\\Model\\Rule\\Condition\\Combine","attribute":null,"operator":null,"value":true,"is_value_processed":null,"aggregator":"all"}","0","admin","Root Catalog/Default Category/Пальцы, втулки, шайбы/Тавотницы/Каталог",""
,"3","2018-12-06 23:25:41","2018-12-06 23:51:35","56",,"63",,,,"0","0",,,,,"0",,,"PRODUCTS",,,"1","1","1",,,"4",,,,"Прочее",,"1/2/81/56/63",,"7","prochee","katalog/pal-cy-vtulki-shajby/prochee","1",,"{"type":"Smile\\ElasticsuiteVirtualCategory\\Model\\Rule\\Condition\\Combine","attribute":null,"operator":null,"value":true,"is_value_processed":null,"aggregator":"all"}","0","admin","Root Catalog/Default Category/Пальцы, втулки, шайбы/Прочее/Каталог",""
,"3","2018-12-06 23:27:17","2018-12-07 00:41:04","81",,"64",,,,"15","0",,,,,"0",,,"PRODUCTS",,,"1","1","1",,,"3",,,,"Агрегаты",,"1/2/81/64",,"7","agregaty","katalog/agregaty","1",,"{"type":"Smile\\ElasticsuiteVirtualCategory\\Model\\Rule\\Condition\\Combine","attribute":null,"operator":null,"value":true,"is_value_processed":null,"aggregator":"all"}","0","admin","Root Catalog/Default Category/Агрегаты/Каталог",""
,"3","2018-12-06 23:27:35","2018-12-06 23:51:39","64",,"65",,,,"0","0",,,,,"0",,,"PRODUCTS",,,"1","1","1",,,"4",,,,"Гидронасосы",,"1/2/81/64/65",,"1","gidronasosy","katalog/agregaty/gidronasosy","1",,"{"type":"Smile\\ElasticsuiteVirtualCategory\\Model\\Rule\\Condition\\Combine","attribute":null,"operator":null,"value":true,"is_value_processed":null,"aggregator":"all"}","0","admin","Root Catalog/Default Category/Агрегаты/Гидронасосы/Каталог",""
,"3","2018-12-06 23:27:48","2018-12-06 23:51:39","64",,"66",,,,"0","0",,,,,"0",,,"PRODUCTS",,,"1","1","1",,,"4",,,,"Гидромоторы",,"1/2/81/64/66",,"2","gidromotory","katalog/agregaty/gidromotory","1",,"{"type":"Smile\\ElasticsuiteVirtualCategory\\Model\\Rule\\Condition\\Combine","attribute":null,"operator":null,"value":true,"is_value_processed":null,"aggregator":"all"}","0","admin","Root Catalog/Default Category/Агрегаты/Гидромоторы/Каталог",""
,"3","2018-12-06 23:28:22","2018-12-06 23:51:39","64",,"68",,,,"0","0",,,,,"0",,,"PRODUCTS",,,"1","1","1",,,"4",,,,"Гибростанции",,"1/2/81/64/68",,"3","gibrostancii","katalog/agregaty/gibrostancii","1",,"{"type":"Smile\\ElasticsuiteVirtualCategory\\Model\\Rule\\Condition\\Combine","attribute":null,"operator":null,"value":true,"is_value_processed":null,"aggregator":"all"}","0","admin","Root Catalog/Default Category/Агрегаты/Гибростанции/Каталог",""
,"3","2018-12-06 23:28:34","2018-12-06 23:51:39","64",,"69",,,,"0","0",,,,,"0",,,"PRODUCTS",,,"1","1","1",,,"4",,,,"Редуктора",,"1/2/81/64/69",,"4","reduktora","katalog/agregaty/reduktora","1",,"{"type":"Smile\\ElasticsuiteVirtualCategory\\Model\\Rule\\Condition\\Combine","attribute":null,"operator":null,"value":true,"is_value_processed":null,"aggregator":"all"}","0","admin","Root Catalog/Default Category/Агрегаты/Редуктора/Каталог",""
,"3","2018-12-07 00:09:11","2018-12-07 00:41:04","64",,"100",,,,"10","0",,,,,"0",,,"PRODUCTS",,,"1","1","1",,,"4",,,,"ДВС",,"1/2/81/64/100",,"5","dvs","katalog/agregaty/dvs","1",,"{"type":"Smile\\ElasticsuiteVirtualCategory\\Model\\Rule\\Condition\\Combine","attribute":null,"operator":null,"value":true,"is_value_processed":null,"aggregator":"all"}","0","admin","Root Catalog/Default Category/Агрегаты/Каталог/ДВС",""
,"3","2018-12-07 00:09:27","2018-12-07 00:09:27","100",,"101",,,,"0","0",,,,,"0",,,"PRODUCTS",,,"1","1","1",,,"5",,,,"Водяные насосы",,"1/2/81/64/100/101",,"1","vodjanye-nasosy","katalog/agregaty/dvs/vodjanye-nasosy","1",,"{"type":"Smile\\ElasticsuiteVirtualCategory\\Model\\Rule\\Condition\\Combine","attribute":null,"operator":null,"value":true,"is_value_processed":null,"aggregator":"all"}","0","admin","Root Catalog/Default Category/Агрегаты/Каталог/ДВС/Водяные насосы",""
,"3","2018-12-07 00:09:47","2018-12-07 00:09:47","100",,"102",,,,"0","0",,,,,"0",,,"PRODUCTS",,,"1","1","1",,,"5",,,,"Турбины",,"1/2/81/64/100/102",,"2","turbiny","katalog/agregaty/dvs/turbiny","1",,"{"type":"Smile\\ElasticsuiteVirtualCategory\\Model\\Rule\\Condition\\Combine","attribute":null,"operator":null,"value":true,"is_value_processed":null,"aggregator":"all"}","0","admin","Root Catalog/Default Category/Агрегаты/Каталог/ДВС/Турбины",""
,"3","2018-12-07 00:10:19","2018-12-07 00:10:19","100",,"103",,,,"0","0",,,,,"0",,,"PRODUCTS",,,"1","1","1",,,"5",,,,"Форсунки и распылители",,"1/2/81/64/100/103",,"3","forsunki-i-raspyliteli","katalog/agregaty/dvs/forsunki-i-raspyliteli","1",,"{"type":"Smile\\ElasticsuiteVirtualCategory\\Model\\Rule\\Condition\\Combine","attribute":null,"operator":null,"value":true,"is_value_processed":null,"aggregator":"all"}","0","admin","Root Catalog/Default Category/Агрегаты/Каталог/ДВС/Форсунки и распылители",""
,"3","2018-12-07 00:10:45","2018-12-07 00:10:45","100",,"104",,,,"0","0",,,,,"0",,,"PRODUCTS",,,"1","1","1",,,"5",,,,"Термостаты",,"1/2/81/64/100/104",,"4","termostaty","katalog/agregaty/dvs/termostaty","1",,"{"type":"Smile\\ElasticsuiteVirtualCategory\\Model\\Rule\\Condition\\Combine","attribute":null,"operator":null,"value":true,"is_value_processed":null,"aggregator":"all"}","0","admin","Root Catalog/Default Category/Агрегаты/Каталог/ДВС/Термостаты",""
,"3","2018-12-07 00:11:20","2018-12-07 00:11:20","100",,"105",,,,"0","0",,,,,"0",,,"PRODUCTS",,,"1","1","1",,,"5",,,,"Прокладки и наборы",,"1/2/81/64/100/105",,"5","prokladki-i-nabory","katalog/agregaty/dvs/prokladki-i-nabory","1",,"{"type":"Smile\\ElasticsuiteVirtualCategory\\Model\\Rule\\Condition\\Combine","attribute":null,"operator":null,"value":true,"is_value_processed":null,"aggregator":"all"}","0","admin","Root Catalog/Default Category/Агрегаты/Каталог/ДВС/Прокладки и наборы",""
,"3","2018-12-07 00:11:38","2018-12-07 00:11:38","100",,"106",,,,"0","0",,,,,"0",,,"PRODUCTS",,,"1","1","1",,,"5",,,,"Прочий ЗИП",,"1/2/81/64/100/106",,"6","prochij-zip","katalog/agregaty/dvs/prochij-zip","1",,"{"type":"Smile\\ElasticsuiteVirtualCategory\\Model\\Rule\\Condition\\Combine","attribute":null,"operator":null,"value":true,"is_value_processed":null,"aggregator":"all"}","0","admin","Root Catalog/Default Category/Агрегаты/Каталог/ДВС/Прочий ЗИП",""
,"3","2018-12-07 00:33:59","2018-12-07 00:33:59","100",,"109",,,,"0","0",,,,,"0",,,"PRODUCTS",,,"1","1","1",,,"5",,,,"Шланги",,"1/2/81/64/100/109",,"7","shlangi","katalog/agregaty/dvs/shlangi","1",,"{"type":"Smile\\ElasticsuiteVirtualCategory\\Model\\Rule\\Condition\\Combine","attribute":null,"operator":null,"value":true,"is_value_processed":null,"aggregator":"all"}","0","admin","Root Catalog/Default Category/Агрегаты/Каталог/ДВС/Шланги",""
,"3","2018-12-07 00:35:43","2018-12-07 00:35:43","100",,"113",,,,"0","0",,,,,"0",,,"PRODUCTS",,,"1","1","1",,,"5",,,,"Стартеры, генераторы",,"1/2/81/64/100/113",,"8","startery-generatory","katalog/agregaty/dvs/startery-generatory","1",,"{"type":"Smile\\ElasticsuiteVirtualCategory\\Model\\Rule\\Condition\\Combine","attribute":null,"operator":null,"value":true,"is_value_processed":null,"aggregator":"all"}","0","admin","Root Catalog/Default Category/Агрегаты/Каталог/ДВС/Стартеры, генераторы",""
,"3","2018-12-07 00:40:04","2018-12-07 00:40:04","100",,"121",,,,"0","0",,,,,"0",,,"PRODUCTS",,,"1","1","1",,,"5",,,,"Крыльчатки вентилятора",,"1/2/81/64/100/121",,"9","kryl-chatki-ventiljatora","katalog/agregaty/dvs/kryl-chatki-ventiljatora","1",,"{"type":"Smile\\ElasticsuiteVirtualCategory\\Model\\Rule\\Condition\\Combine","attribute":null,"operator":null,"value":true,"is_value_processed":null,"aggregator":"all"}","0","admin","Root Catalog/Default Category/Агрегаты/Каталог/ДВС/Крыльчатки вентилятора",""
,"3","2018-12-07 00:41:04","2018-12-07 00:41:04","100",,"123",,,,"0","0",,,,,"0",,,"PRODUCTS",,,"1","1","1",,,"5",,,,"Приводные ремни",,"1/2/81/64/100/123",,"10","privodnye-remni","katalog/agregaty/dvs/privodnye-remni","1",,"{"type":"Smile\\ElasticsuiteVirtualCategory\\Model\\Rule\\Condition\\Combine","attribute":null,"operator":null,"value":true,"is_value_processed":null,"aggregator":"all"}","0","admin","Root Catalog/Default Category/Агрегаты/Каталог/ДВС/Приводные ремни",""
,"3","2018-12-06 23:29:09","2018-12-06 23:53:16","81",,"70",,,,"0","0",,,,,"0",,,"PRODUCTS",,,"1","1","1",,,"3",,,,"Муфты насосов",,"1/2/81/70",,"8","mufty-nasosov","katalog/mufty-nasosov","1",,"{"type":"Smile\\ElasticsuiteVirtualCategory\\Model\\Rule\\Condition\\Combine","attribute":null,"operator":null,"value":true,"is_value_processed":null,"aggregator":"all"}","0","admin","Root Catalog/Default Category/Муфты насосов/Каталог",""
,"3","2018-12-06 23:29:25","2018-12-06 23:53:22","81",,"71",,,,"2","0",,,,,"0",,,"PRODUCTS",,,"1","1","1",,,"3",,,,"Радиаторы",,"1/2/81/71",,"9","radiatory","katalog/radiatory","1",,"{"type":"Smile\\ElasticsuiteVirtualCategory\\Model\\Rule\\Condition\\Combine","attribute":null,"operator":null,"value":true,"is_value_processed":null,"aggregator":"all"}","0","admin","Root Catalog/Default Category/Радиаторы/Каталог",""
,"3","2018-12-06 23:29:42","2018-12-06 23:51:49","71",,"72",,,,"0","0",,,,,"0",,,"PRODUCTS",,,"1","1","1",,,"4",,,,"Радиаторы в сборе",,"1/2/81/71/72",,"1","radiatory-v-sbore","katalog/radiatory/radiatory-v-sbore","1",,"{"type":"Smile\\ElasticsuiteVirtualCategory\\Model\\Rule\\Condition\\Combine","attribute":null,"operator":null,"value":true,"is_value_processed":null,"aggregator":"all"}","0","admin","Root Catalog/Default Category/Радиаторы/Радиаторы в сборе/Каталог",""
,"3","2018-12-06 23:29:58","2018-12-06 23:51:49","71",,"73",,,,"0","0",,,,,"0",,,"PRODUCTS",,,"1","1","1",,,"4",,,,"ЗИП радиаторов",,"1/2/81/71/73",,"2","zip-radiatorov","katalog/radiatory/zip-radiatorov","1",,"{"type":"Smile\\ElasticsuiteVirtualCategory\\Model\\Rule\\Condition\\Combine","attribute":null,"operator":null,"value":true,"is_value_processed":null,"aggregator":"all"}","0","admin","Root Catalog/Default Category/Радиаторы/ЗИП радиаторов/Каталог",""
,"3","2018-12-06 23:31:17","2018-12-06 23:53:34","81",,"74",,,,"6","0",,,,,"0",,,"PRODUCTS",,,"1","1","1",,,"3",,,,"Режущие элементы",,"1/2/81/74",,"10","rezhuschie-jelementy","katalog/rezhuschie-jelementy","1",,"{"type":"Smile\\ElasticsuiteVirtualCategory\\Model\\Rule\\Condition\\Combine","attribute":null,"operator":null,"value":true,"is_value_processed":null,"aggregator":"all"}","0","admin","Root Catalog/Default Category/Режущие элементы/Каталог",""
,"3","2018-12-06 23:31:38","2018-12-06 23:51:53","74",,"75",,,,"0","0",,,,,"0",,,"PRODUCTS",,,"1","1","1",,,"4",,,,"Коронки",,"1/2/81/74/75",,"1","koronki","katalog/rezhuschie-jelementy/koronki","1",,"{"type":"Smile\\ElasticsuiteVirtualCategory\\Model\\Rule\\Condition\\Combine","attribute":null,"operator":null,"value":true,"is_value_processed":null,"aggregator":"all"}","0","admin","Root Catalog/Default Category/Режущие элементы/Коронки/Каталог",""
,"3","2018-12-06 23:31:55","2018-12-06 23:51:53","74",,"76",,,,"0","0",,,,,"0",,,"PRODUCTS",,,"1","1","1",,,"4",,,,"Ножи",,"1/2/81/74/76",,"2","nozhi","katalog/rezhuschie-jelementy/nozhi","1",,"{"type":"Smile\\ElasticsuiteVirtualCategory\\Model\\Rule\\Condition\\Combine","attribute":null,"operator":null,"value":true,"is_value_processed":null,"aggregator":"all"}","0","admin","Root Catalog/Default Category/Режущие элементы/Ножи/Каталог",""
,"3","2018-12-06 23:32:53","2018-12-06 23:51:53","74",,"77",,,,"0","0",,,,,"0",,,"PRODUCTS",,,"1","1","1",,,"4",,,,"Адаптеры",,"1/2/81/74/77",,"3","adaptery","katalog/rezhuschie-jelementy/adaptery","1",,"{"type":"Smile\\ElasticsuiteVirtualCategory\\Model\\Rule\\Condition\\Combine","attribute":null,"operator":null,"value":true,"is_value_processed":null,"aggregator":"all"}","0","admin","Root Catalog/Default Category/Режущие элементы/Адаптеры/Каталог",""
,"3","2018-12-06 23:33:16","2018-12-06 23:51:53","74",,"78",,,,"0","0",,,,,"0",,,"PRODUCTS",,,"1","1","1",,,"4",,,,"Фиксаторы, крепёж",,"1/2/81/74/78",,"4","fiksatory","katalog/rezhuschie-jelementy/fiksatory","1",,"{"type":"Smile\\ElasticsuiteVirtualCategory\\Model\\Rule\\Condition\\Combine","attribute":null,"operator":null,"value":true,"is_value_processed":null,"aggregator":"all"}","0","admin","Root Catalog/Default Category/Режущие элементы/Фиксаторы, крепёж/Каталог",""
,"3","2018-12-06 23:33:38","2018-12-06 23:51:53","74",,"79",,,,"0","0",,,,,"0",,,"PRODUCTS",,,"1","1","1",,,"4",,,,"Протекторы, защита",,"1/2/81/74/79",,"5","protektory-zaschita","katalog/rezhuschie-jelementy/protektory-zaschita","1",,"{"type":"Smile\\ElasticsuiteVirtualCategory\\Model\\Rule\\Condition\\Combine","attribute":null,"operator":null,"value":true,"is_value_processed":null,"aggregator":"all"}","0","admin","Root Catalog/Default Category/Режущие элементы/Протекторы, защита/Каталог",""
,"3","2018-12-06 23:34:28","2018-12-06 23:51:53","74",,"80",,,,"0","0",,,,,"0",,,"PRODUCTS",,,"1","1","1",,,"4",,,,"Полотна",,"1/2/81/74/80",,"6","polotna","katalog/rezhuschie-jelementy/polotna","1",,"{"type":"Smile\\ElasticsuiteVirtualCategory\\Model\\Rule\\Condition\\Combine","attribute":null,"operator":null,"value":true,"is_value_processed":null,"aggregator":"all"}","0","admin","Root Catalog/Default Category/Режущие элементы/Полотна/Каталог",""
,"3","2018-12-06 23:54:25","2018-12-07 00:40:30","81",,"82",,,,"10","0",,,,,"0",,,"PRODUCTS",,,"1","1","1",,,"3",,,,"Ходовая чать",,"1/2/81/82",,"11","hodovaja-chat","katalog/hodovaja-chat","1",,"{"type":"Smile\\ElasticsuiteVirtualCategory\\Model\\Rule\\Condition\\Combine","attribute":null,"operator":null,"value":true,"is_value_processed":null,"aggregator":"all"}","0","admin","Root Catalog/Default Category/Каталог/Ходовая чать",""
,"3","2018-12-06 23:54:47","2018-12-06 23:54:47","82",,"83",,,,"0","0",,,,,"0",,,"PRODUCTS",,,"1","1","1",,,"4",,,,"Гусеницы в сборе",,"1/2/81/82/83",,"1","gusenicy-v-sbore","katalog/hodovaja-chat/gusenicy-v-sbore","1",,"{"type":"Smile\\ElasticsuiteVirtualCategory\\Model\\Rule\\Condition\\Combine","attribute":null,"operator":null,"value":true,"is_value_processed":null,"aggregator":"all"}","0","admin","Root Catalog/Default Category/Каталог/Ходовая чать/Гусеницы в сборе",""
,"3","2018-12-06 23:55:05","2018-12-06 23:55:06","82",,"84",,,,"0","0",,,,,"0",,,"PRODUCTS",,,"1","1","1",,,"4",,,,"Башмаки гусениц",,"1/2/81/82/84",,"2","bashmaki-gusenic","katalog/hodovaja-chat/bashmaki-gusenic","1",,"{"type":"Smile\\ElasticsuiteVirtualCategory\\Model\\Rule\\Condition\\Combine","attribute":null,"operator":null,"value":true,"is_value_processed":null,"aggregator":"all"}","0","admin","Root Catalog/Default Category/Каталог/Ходовая чать/Башмаки гусениц",""
,"3","2018-12-06 23:55:18","2018-12-06 23:55:18","82",,"85",,,,"0","0",,,,,"0",,,"PRODUCTS",,,"1","1","1",,,"4",,,,"Пружины",,"1/2/81/82/85",,"3","pruzhiny","katalog/hodovaja-chat/pruzhiny","1",,"{"type":"Smile\\ElasticsuiteVirtualCategory\\Model\\Rule\\Condition\\Combine","attribute":null,"operator":null,"value":true,"is_value_processed":null,"aggregator":"all"}","0","admin","Root Catalog/Default Category/Каталог/Ходовая чать/Пружины",""
,"3","2018-12-06 23:55:50","2018-12-06 23:55:50","82",,"86",,,,"0","0",,,,,"0",,,"PRODUCTS",,,"1","1","1",,,"4",,,,"Накладки для гусениц",,"1/2/81/82/86",,"4","nakladki-dlja-gusenic","katalog/hodovaja-chat/nakladki-dlja-gusenic","1",,"{"type":"Smile\\ElasticsuiteVirtualCategory\\Model\\Rule\\Condition\\Combine","attribute":null,"operator":null,"value":true,"is_value_processed":null,"aggregator":"all"}","0","admin","Root Catalog/Default Category/Каталог/Ходовая чать/Накладки для гусениц",""
,"3","2018-12-06 23:56:06","2018-12-06 23:58:10","82",,"87",,,,"0","0",,,,,"0",,,"PRODUCTS",,,"1","1","1",,,"4",,,,"Катки",,"1/2/81/82/87",,"5","katki-opornye","katalog/hodovaja-chat/katki-opornye","1",,"{"type":"Smile\\ElasticsuiteVirtualCategory\\Model\\Rule\\Condition\\Combine","attribute":null,"operator":null,"value":true,"is_value_processed":null,"aggregator":"all"}","0","admin","Root Catalog/Default Category/Каталог/Ходовая чать/Катки",""
,"3","2018-12-06 23:56:20","2018-12-06 23:56:20","82",,"88",,,,"0","0",,,,,"0",,,"PRODUCTS",,,"1","1","1",,,"4",,,,"Направляющие колеса",,"1/2/81/82/88",,"6","napravljajuschie-kolesa","katalog/hodovaja-chat/napravljajuschie-kolesa","1",,"{"type":"Smile\\ElasticsuiteVirtualCategory\\Model\\Rule\\Condition\\Combine","attribute":null,"operator":null,"value":true,"is_value_processed":null,"aggregator":"all"}","0","admin","Root Catalog/Default Category/Каталог/Ходовая чать/Направляющие колеса",""
,"3","2018-12-06 23:56:51","2018-12-06 23:57:41","82",,"89",,,,"0","0",,,,,"0",,,"PRODUCTS",,,"1","1","1",,,"4",,,,"Ведущие колеса, сегменты",,"1/2/81/82/89",,"7","veduschie-kolesa","katalog/hodovaja-chat/veduschie-kolesa","1",,"{"type":"Smile\\ElasticsuiteVirtualCategory\\Model\\Rule\\Condition\\Combine","attribute":null,"operator":null,"value":true,"is_value_processed":null,"aggregator":"all"}","0","admin","Root Catalog/Default Category/Каталог/Ходовая чать/Ведущие колеса, сегменты",""
,"3","2018-12-06 23:58:45","2018-12-06 23:58:45","82",,"90",,,,"0","0",,,,,"0",,,"PRODUCTS",,,"1","1","1",,,"4",,,,"Цепи гусеничные",,"1/2/81/82/90",,"8","cepi-gusenichnye","katalog/hodovaja-chat/cepi-gusenichnye","1",,"{"type":"Smile\\ElasticsuiteVirtualCategory\\Model\\Rule\\Condition\\Combine","attribute":null,"operator":null,"value":true,"is_value_processed":null,"aggregator":"all"}","0","admin","Root Catalog/Default Category/Каталог/Ходовая чать/Цепи гусеничные",""
,"3","2018-12-06 23:59:59","2018-12-06 23:59:59","82",,"91",,,,"0","0",,,,,"0",,,"PRODUCTS",,,"1","1","1",,,"4",,,,"ЗИП к цепям",,"1/2/81/82/91",,"9","zip-k-cepjam","katalog/hodovaja-chat/zip-k-cepjam","1",,"{"type":"Smile\\ElasticsuiteVirtualCategory\\Model\\Rule\\Condition\\Combine","attribute":null,"operator":null,"value":true,"is_value_processed":null,"aggregator":"all"}","0","admin","Root Catalog/Default Category/Каталог/Ходовая чать/ЗИП к цепям",""
,"3","2018-12-07 00:40:30","2018-12-07 00:40:30","82",,"122",,,,"0","0",,,,,"0",,,"PRODUCTS",,,"1","1","1",,,"4",,,,"Прочее",,"1/2/81/82/122",,"10","prochee","katalog/hodovaja-chat/prochee","1",,"{"type":"Smile\\ElasticsuiteVirtualCategory\\Model\\Rule\\Condition\\Combine","attribute":null,"operator":null,"value":true,"is_value_processed":null,"aggregator":"all"}","0","admin","Root Catalog/Default Category/Каталог/Ходовая чать/Прочее",""
,"3","2018-12-07 00:01:26","2018-12-07 00:05:15","81",,"92",,,,"6","0",,,,,"0",,,"PRODUCTS",,,"1","1","1",,,"3",,,,"Фильтры",,"1/2/81/92",,"12","fil-try","katalog/fil-try","1",,"{"type":"Smile\\ElasticsuiteVirtualCategory\\Model\\Rule\\Condition\\Combine","attribute":null,"operator":null,"value":true,"is_value_processed":null,"aggregator":"all"}","0","admin","Root Catalog/Default Category/Каталог/Фильтры",""
,"3","2018-12-07 00:01:55","2018-12-07 00:01:55","92",,"93",,,,"0","0",,,,,"0",,,"PRODUCTS",,,"1","1","1",,,"4",,,,"Фильтры воздушные",,"1/2/81/92/93",,"1","fil-try-vozdushnye","katalog/fil-try/fil-try-vozdushnye","1",,"{"type":"Smile\\ElasticsuiteVirtualCategory\\Model\\Rule\\Condition\\Combine","attribute":null,"operator":null,"value":true,"is_value_processed":null,"aggregator":"all"}","0","admin","Root Catalog/Default Category/Каталог/Фильтры/Фильтры воздушные",""
,"3","2018-12-07 00:02:33","2018-12-07 00:02:33","92",,"94",,,,"0","0",,,,,"0",,,"PRODUCTS",,,"1","1","1",,,"4",,,,"Фильтры топливные",,"1/2/81/92/94",,"2","fil-try-toplivnye","katalog/fil-try/fil-try-toplivnye","1",,"{"type":"Smile\\ElasticsuiteVirtualCategory\\Model\\Rule\\Condition\\Combine","attribute":null,"operator":null,"value":true,"is_value_processed":null,"aggregator":"all"}","0","admin","Root Catalog/Default Category/Каталог/Фильтры/Фильтры топливные",""
,"3","2018-12-07 00:03:02","2018-12-07 00:03:02","92",,"95",,,,"0","0",,,,,"0",,,"PRODUCTS",,,"1","1","1",,,"4",,,,"Фильтры масляные",,"1/2/81/92/95",,"3","fil-try-masljanye","katalog/fil-try/fil-try-masljanye","1",,"{"type":"Smile\\ElasticsuiteVirtualCategory\\Model\\Rule\\Condition\\Combine","attribute":null,"operator":null,"value":true,"is_value_processed":null,"aggregator":"all"}","0","admin","Root Catalog/Default Category/Каталог/Фильтры/Фильтры масляные",""
,"3","2018-12-07 00:03:31","2018-12-07 00:03:31","92",,"96",,,,"0","0",,,,,"0",,,"PRODUCTS",,,"1","1","1",,,"4",,,,"Фильтры гидравлические",,"1/2/81/92/96",,"4","fil-try-gidravlicheskie","katalog/fil-try/fil-try-gidravlicheskie","1",,"{"type":"Smile\\ElasticsuiteVirtualCategory\\Model\\Rule\\Condition\\Combine","attribute":null,"operator":null,"value":true,"is_value_processed":null,"aggregator":"all"}","0","admin","Root Catalog/Default Category/Каталог/Фильтры/Фильтры гидравлические",""
,"3","2018-12-07 00:04:43","2018-12-07 00:04:43","92",,"97",,,,"0","0",,,,,"0",,,"PRODUCTS",,,"1","1","1",,,"4",,,,"Фильтры тосольные",,"1/2/81/92/97",,"5","fil-try-tosol-nye","katalog/fil-try/fil-try-tosol-nye","1",,"{"type":"Smile\\ElasticsuiteVirtualCategory\\Model\\Rule\\Condition\\Combine","attribute":null,"operator":null,"value":true,"is_value_processed":null,"aggregator":"all"}","0","admin","Root Catalog/Default Category/Каталог/Фильтры/Фильтры тосольные",""
,"3","2018-12-07 00:05:15","2018-12-07 00:05:15","92",,"98",,,,"0","0",,,,,"0",,,"PRODUCTS",,,"1","1","1",,,"4",,,,"Фильтры антикоррозионные",,"1/2/81/92/98",,"6","fil-try-antikorrozionnye","katalog/fil-try/fil-try-antikorrozionnye","1",,"{"type":"Smile\\ElasticsuiteVirtualCategory\\Model\\Rule\\Condition\\Combine","attribute":null,"operator":null,"value":true,"is_value_processed":null,"aggregator":"all"}","0","admin","Root Catalog/Default Category/Каталог/Фильтры/Фильтры антикоррозионные",""
,"3","2018-12-07 00:08:24","2018-12-07 00:08:24","81",,"99",,,,"0","0",,,,,"0",,,"PRODUCTS",,,"1","1","1",,,"3",,,,"Бетононасосы, швинги",,"1/2/81/99",,"13","betononasosy-shvingi","katalog/betononasosy-shvingi","1",,"{"type":"Smile\\ElasticsuiteVirtualCategory\\Model\\Rule\\Condition\\Combine","attribute":null,"operator":null,"value":true,"is_value_processed":null,"aggregator":"all"}","0","admin","Root Catalog/Default Category/Каталог/Бетононасосы, швинги",""
,"3","2018-12-07 00:12:20","2018-12-07 00:12:20","81",,"107",,,,"0","0",,,,,"0",,,"PRODUCTS",,,"1","1","1",,,"3",,,,"Метизы",,"1/2/81/107",,"14","metizy","katalog/metizy","1",,"{"type":"Smile\\ElasticsuiteVirtualCategory\\Model\\Rule\\Condition\\Combine","attribute":null,"operator":null,"value":true,"is_value_processed":null,"aggregator":"all"}","0","admin","Root Catalog/Default Category/Каталог/Метизы",""
,"3","2018-12-07 00:12:34","2018-12-07 00:12:34","81",,"108",,,,"0","0",,,,,"0",,,"PRODUCTS",,,"1","1","1",,,"3",,,,"Смазочные материалы",,"1/2/81/108",,"15","smazochnye-materialy","katalog/smazochnye-materialy","1",,"{"type":"Smile\\ElasticsuiteVirtualCategory\\Model\\Rule\\Condition\\Combine","attribute":null,"operator":null,"value":true,"is_value_processed":null,"aggregator":"all"}","0","admin","Root Catalog/Default Category/Каталог/Смазочные материалы",""
,"3","2018-12-07 00:34:44","2018-12-07 00:44:54","81",,"110",,,,"10","0",,,,,"0",,,"PRODUCTS",,,"1","1","1",,,"3",,,,"Прочие запасные части",,"1/2/81/110",,"16","prochie-zapasnye-chasti","katalog/prochie-zapasnye-chasti","1",,"{"type":"Smile\\ElasticsuiteVirtualCategory\\Model\\Rule\\Condition\\Combine","attribute":null,"operator":null,"value":true,"is_value_processed":null,"aggregator":"all"}","0","admin","Root Catalog/Default Category/Каталог/Прочие запасные части","3|4"
,"3","2018-12-07 00:34:52","2018-12-07 00:34:52","110",,"111",,,,"0","0",,,,,"0",,,"PRODUCTS",,,"1","1","1",,,"4",,,,"Стекла",,"1/2/81/110/111",,"1","stekla","katalog/prochie-zapasnye-chasti/stekla","1",,"{"type":"Smile\\ElasticsuiteVirtualCategory\\Model\\Rule\\Condition\\Combine","attribute":null,"operator":null,"value":true,"is_value_processed":null,"aggregator":"all"}","0","admin","Root Catalog/Default Category/Каталог/Прочие запасные части/Стекла",""
,"3","2018-12-07 00:35:17","2018-12-07 00:35:17","110",,"112",,,,"0","0",,,,,"0",,,"PRODUCTS",,,"1","1","1",,,"4",,,,"Автопокрышки",,"1/2/81/110/112",,"2","avtopokryshki","katalog/prochie-zapasnye-chasti/avtopokryshki","1",,"{"type":"Smile\\ElasticsuiteVirtualCategory\\Model\\Rule\\Condition\\Combine","attribute":null,"operator":null,"value":true,"is_value_processed":null,"aggregator":"all"}","0","admin","Root Catalog/Default Category/Каталог/Прочие запасные части/Автопокрышки",""
,"3","2018-12-07 00:36:11","2018-12-07 00:36:11","110",,"114",,,,"0","0",,,,,"0",,,"PRODUCTS",,,"1","1","1",,,"4",,,,"Карданные валы, крестовины",,"1/2/81/110/114",,"3","kardannye-valy-krestoviny","katalog/prochie-zapasnye-chasti/kardannye-valy-krestoviny","1",,"{"type":"Smile\\ElasticsuiteVirtualCategory\\Model\\Rule\\Condition\\Combine","attribute":null,"operator":null,"value":true,"is_value_processed":null,"aggregator":"all"}","0","admin","Root Catalog/Default Category/Каталог/Прочие запасные части/Карданные валы, крестовины",""
,"3","2018-12-07 00:36:29","2018-12-07 00:36:29","110",,"115",,,,"0","0",,,,,"0",,,"PRODUCTS",,,"1","1","1",,,"4",,,,"Осветительные приборы",,"1/2/81/110/115",,"4","osvetitel-nye-pribory","katalog/prochie-zapasnye-chasti/osvetitel-nye-pribory","1",,"{"type":"Smile\\ElasticsuiteVirtualCategory\\Model\\Rule\\Condition\\Combine","attribute":null,"operator":null,"value":true,"is_value_processed":null,"aggregator":"all"}","0","admin","Root Catalog/Default Category/Каталог/Прочие запасные части/Осветительные приборы",""
,"3","2018-12-07 00:37:48","2018-12-07 00:37:48","110",,"116",,,,"0","0",,,,,"0",,,"PRODUCTS",,,"1","1","1",,,"4",,,,"Датчики",,"1/2/81/110/116",,"5","datchiki","katalog/prochie-zapasnye-chasti/datchiki","1",,"{"type":"Smile\\ElasticsuiteVirtualCategory\\Model\\Rule\\Condition\\Combine","attribute":null,"operator":null,"value":true,"is_value_processed":null,"aggregator":"all"}","0","admin","Root Catalog/Default Category/Каталог/Прочие запасные части/Датчики",""
,"3","2018-12-07 00:38:02","2018-12-07 00:38:02","110",,"117",,,,"0","0",,,,,"0",,,"PRODUCTS",,,"1","1","1",,,"4",,,,"Переключатели",,"1/2/81/110/117",,"6","perekljuchateli","katalog/prochie-zapasnye-chasti/perekljuchateli","1",,"{"type":"Smile\\ElasticsuiteVirtualCategory\\Model\\Rule\\Condition\\Combine","attribute":null,"operator":null,"value":true,"is_value_processed":null,"aggregator":"all"}","0","admin","Root Catalog/Default Category/Каталог/Прочие запасные части/Переключатели",""
,"3","2018-12-07 00:38:20","2018-12-07 00:38:20","110",,"118",,,,"0","0",,,,,"0",,,"PRODUCTS",,,"1","1","1",,,"4",,,,"Кластеры",,"1/2/81/110/118",,"7","klastery","katalog/prochie-zapasnye-chasti/klastery","1",,"{"type":"Smile\\ElasticsuiteVirtualCategory\\Model\\Rule\\Condition\\Combine","attribute":null,"operator":null,"value":true,"is_value_processed":null,"aggregator":"all"}","0","admin","Root Catalog/Default Category/Каталог/Прочие запасные части/Кластеры",""
,"3","2018-12-07 00:38:42","2018-12-07 00:38:42","110",,"119",,,,"0","0",,,,,"0",,,"PRODUCTS",,,"1","1","1",,,"4",,,,"Замки зажигания",,"1/2/81/110/119",,"8","zamki-zazhiganija","katalog/prochie-zapasnye-chasti/zamki-zazhiganija","1",,"{"type":"Smile\\ElasticsuiteVirtualCategory\\Model\\Rule\\Condition\\Combine","attribute":null,"operator":null,"value":true,"is_value_processed":null,"aggregator":"all"}","0","admin","Root Catalog/Default Category/Каталог/Прочие запасные части/Замки зажигания",""
,"3","2018-12-07 00:39:06","2018-12-07 00:39:07","110",,"120",,,,"0","0",,,,,"0",,,"PRODUCTS",,,"1","1","1",,,"4",,,,"Подшипники",,"1/2/81/110/120",,"9","podshipniki","katalog/prochie-zapasnye-chasti/podshipniki","1",,"{"type":"Smile\\ElasticsuiteVirtualCategory\\Model\\Rule\\Condition\\Combine","attribute":null,"operator":null,"value":true,"is_value_processed":null,"aggregator":"all"}","0","admin","Root Catalog/Default Category/Каталог/Прочие запасные части/Подшипники",""
,"3","2018-12-07 00:44:54","2018-12-07 00:44:54","110",,"125",,,,"0","0",,,,,"0",,,"PRODUCTS",,,"1","1","1",,,"4",,,,"Рукава высокого давления",,"1/2/81/110/125",,"10","rukava-vysokogo-davlenija","katalog/prochie-zapasnye-chasti/rukava-vysokogo-davlenija","1",,"{"type":"Smile\\ElasticsuiteVirtualCategory\\Model\\Rule\\Condition\\Combine","attribute":null,"operator":null,"value":true,"is_value_processed":null,"aggregator":"all"}","0","admin","Root Catalog/Default Category/Каталог/Прочие запасные части/Рукава высокого давления","3|4"
,"3","2018-12-07 00:41:55","2018-12-07 00:41:55","81",,"124",,,,"0","0",,,,,"0",,,"PRODUCTS",,,"1","1","1",,,"3",,,,"Запасные части автокаров",,"1/2/81/124",,"17","zapasnye-chasti-avtokarov","katalog/zapasnye-chasti-avtokarov","1",,"{"type":"Smile\\ElasticsuiteVirtualCategory\\Model\\Rule\\Condition\\Combine","attribute":null,"operator":null,"value":true,"is_value_processed":null,"aggregator":"all"}","0","admin","Root Catalog/Default Category/Каталог/Запасные части автокаров",""